{"water_bottle_0": {"m_ez": 0.22672064777327935, "m_med": 0.0, "m_hard": 0.0, "f_ez": 0.9230769230769231, "f_med": 0.8137651821862348, "f_hard": 0.5991902834008097}}