{"apple_0": {"ours_ez": 0.7510729613733905, "ours_med": 0.13304721030042918, "faster_ez": 0.759656652360515, "faster_med": 0.759656652360515, "total": 233}, "apple_1": {"ours_ez": 0.6502057613168725, "ours_med": 0.07407407407407407, "faster_ez": 0.38271604938271603, "faster_med": 0.38271604938271603, "total": 243}, "apple_2": {"ours_ez": 0.4927536231884058, "ours_med": 0.06763285024154589, "faster_ez": 0.6884057971014492, "faster_med": 0.6884057971014492, "total": 414}, "banana_0": {"ours_ez": 0.5785123966942148, "ours_med": 0.14049586776859505, "faster_ez": 0.71900826446281, "faster_med": 0.71900826446281, "total": 242}, "banana_1": {"ours_ez": 0.3523809523809524, "ours_med": 0.10476190476190476, "faster_ez": 0.8428571428571429, "faster_med": 0.8333333333333334, "total": 210}, "banana_2": {"ours_ez": 0.38164251207729466, "ours_med": 0.057971014492753624, "faster_ez": 0.5603864734299517, "faster_med": 0.5603864734299517, "total": 207}, "bowl_0": {"ours_ez": 0.19909502262443438, "ours_med": 0.027149321266968326, "faster_ez": 0.995475113122172, "faster_med": 0.9773755656108597, "total": 221}, "bowl_1": {"ours_ez": 0.8177966101694916, "ours_med": 0.4364406779661017, "faster_ez": 0.9533898305084746, "faster_med": 0.9449152542372882, "total": 236}, "bowl_2": {"ours_ez": 0.4327485380116959, "ours_med": 0.023391812865497075, "faster_ez": 0.956140350877193, "faster_med": 0.9415204678362573, "total": 342}, "cell_phone_0": {"ours_ez": 0.17067307692307693, "ours_med": 0.06971153846153846, "faster_ez": 0.8605769230769231, "faster_med": 0.8605769230769231, "total": 416}, "cell_phone_1": {"ours_ez": 0.06372549019607843, "ours_med": 0.0196078431372549, "faster_ez": 0.8725490196078431, "faster_med": 0.8676470588235294, "total": 204}, "cell_phone_2": {"ours_ez": 0.0, "ours_med": 0.0, "faster_ez": 0.4594594594594595, "faster_med": 0.4594594594594595, "total": 185}, "coffee_mug_0": {"ours_ez": 0.6648648648648648, "ours_med": 0.21081081081081082, "faster_ez": 0.7081081081081081, "faster_med": 0.7081081081081081, "total": 185}, "coffee_mug_1": {"ours_ez": 0.5039370078740157, "ours_med": 0.09448818897637795, "faster_ez": 0.4566929133858268, "faster_med": 0.4566929133858268, "total": 127}, "coffee_mug_2": {"ours_ez": 0.7524752475247525, "ours_med": 0.3564356435643564, "faster_ez": 0.9108910891089109, "faster_med": 0.9108910891089109, "total": 101}, "keyboard_0": {"ours_ez": 0.5087281795511222, "ours_med": 0.02743142144638404, "faster_ez": 0.6458852867830424, "faster_med": 0.6458852867830424, "total": 401}, "keyboard_1": {"ours_ez": 0.4235294117647059, "ours_med": 0.11058823529411765, "faster_ez": 0.8588235294117647, "faster_med": 0.8564705882352941, "total": 425}, "keyboard_2": {"ours_ez": 0.5978835978835979, "ours_med": 0.09788359788359788, "faster_ez": 0.6931216931216931, "faster_med": 0.6931216931216931, "total": 378}, "orange_0": {"ours_ez": 0.6686390532544378, "ours_med": 0.08284023668639054, "faster_ez": 0.9585798816568047, "faster_med": 0.9467455621301775, "total": 169}, "orange_1": {"ours_ez": 0.60431654676259, "ours_med": 0.02158273381294964, "faster_ez": 0.6402877697841727, "faster_med": 0.6402877697841727, "total": 139}, "orange_2": {"ours_ez": 0.6532663316582915, "ours_med": 0.06030150753768844, "faster_ez": 0.8542713567839196, "faster_med": 0.8542713567839196, "total": 199}, "scissors_0": {"ours_ez": 0.1, "ours_med": 0.03529411764705882, "faster_ez": 0.5441176470588235, "faster_med": 0.538235294117647, "total": 340}, "scissors_1": {"ours_ez": 0.16538461538461538, "ours_med": 0.03076923076923077, "faster_ez": 0.41923076923076924, "faster_med": 0.4, "total": 260}, "scissors_2": {"ours_ez": 0.028391167192429023, "ours_med": 0.012618296529968454, "faster_ez": 0.5867507886435331, "faster_med": 0.526813880126183, "total": 317}, "toothbrush_0": {"ours_ez": 0.08260869565217391, "ours_med": 0.0, "faster_ez": 0.4043478260869565, "faster_med": 0.3695652173913043, "total": 230}, "toothbrush_2": {"ours_ez": 0.03333333333333333, "ours_med": 0.008333333333333333, "faster_ez": 0.42083333333333334, "faster_med": 0.4125, "total": 240}, "water_bottle_0": {"ours_ez": 0.22672064777327935, "ours_med": 0.0, "faster_ez": 0.8259109311740891, "faster_med": 0.6963562753036437, "total": 247}, "water_bottle_1": {"ours_ez": 0.11956521739130435, "ours_med": 0.0, "faster_ez": 0.9347826086956522, "faster_med": 0.8152173913043478, "total": 92}, "water_bottle_2": {"ours_ez": 0.08192090395480225, "ours_med": 0.0, "faster_ez": 0.9180790960451978, "faster_med": 0.8926553672316384, "total": 354}}