{"apple_0": {"top_one_ez": 0.7510729613733905, "top_one_med": 0.13304721030042918, "top_one_hard": 0.02575107296137339, "top_five_ez": 0.9012875536480687, "top_five_med": 0.15879828326180256, "top_five_hard": 0.02575107296137339}, "apple_1": {"top_one_ez": 0.6502057613168725, "top_one_med": 0.07407407407407407, "top_one_hard": 0.01646090534979424, "top_five_ez": 0.757201646090535, "top_five_med": 0.08641975308641975, "top_five_hard": 0.01646090534979424}, "apple_2": {"top_one_ez": 0.4927536231884058, "top_one_med": 0.06763285024154589, "top_one_hard": 0.016908212560386472, "top_five_ez": 0.7971014492753623, "top_five_med": 0.13043478260869565, "top_five_hard": 0.04106280193236715}, "ball_0": {"top_one_ez": 0.9177215189873418, "top_one_med": 0.45569620253164556, "top_one_hard": 0.25, "top_five_ez": 0.9936708860759493, "top_five_med": 0.46835443037974683, "top_five_hard": 0.25}, "banana_1": {"top_one_ez": 0.3523809523809524, "top_one_med": 0.10476190476190476, "top_one_hard": 0.06666666666666667, "top_five_ez": 0.6047619047619047, "top_five_med": 0.1523809523809524, "top_five_hard": 0.0761904761904762}, "bell_pepper_0": {"top_one_ez": 0.7946768060836502, "top_one_med": 0.0038022813688212928, "top_one_hard": 0.0, "top_five_ez": 0.9163498098859315, "top_five_med": 0.0076045627376425855, "top_five_hard": 0.0038022813688212928}, "bell_pepper_1": {"top_one_ez": 0.856, "top_one_med": 0.432, "top_one_hard": 0.208, "top_five_ez": 0.92, "top_five_med": 0.448, "top_five_hard": 0.208}, "bell_pepper_2": {"top_one_ez": 0.753315649867374, "top_one_med": 0.03713527851458886, "top_one_hard": 0.002652519893899204, "top_five_ez": 0.8488063660477454, "top_five_med": 0.04774535809018567, "top_five_hard": 0.005305039787798408}, "binder_0": {"top_one_ez": 0.09336099585062241, "top_one_med": 0.02074688796680498, "top_one_hard": 0.01037344398340249, "top_five_ez": 0.13900414937759337, "top_five_med": 0.029045643153526972, "top_five_hard": 0.016597510373443983}, "bowl_1": {"top_one_ez": 0.8177966101694916, "top_one_med": 0.4364406779661017, "top_one_hard": 0.2330508474576271, "top_five_ez": 0.8898305084745762, "top_five_med": 0.4661016949152542, "top_five_hard": 0.2542372881355932}, "calculator_0": {"top_one_ez": 0.2914438502673797, "top_one_med": 0.10427807486631016, "top_one_hard": 0.05080213903743316, "top_five_ez": 0.6283422459893048, "top_five_med": 0.20053475935828877, "top_five_hard": 0.09893048128342247}, "camera_0": {"top_one_ez": 0.00851063829787234, "top_one_med": 0.0, "top_one_hard": 0.0, "top_five_ez": 0.01702127659574468, "top_five_med": 0.00425531914893617, "top_five_hard": 0.0}, "cap_2": {"top_one_ez": 0.31521739130434784, "top_one_med": 0.13043478260869565, "top_one_hard": 0.08152173913043478, "top_five_ez": 0.7146739130434783, "top_five_med": 0.24456521739130435, "top_five_hard": 0.14673913043478262}, "cereal_box_0": {"top_one_ez": 0.5949868073878628, "top_one_med": 0.21240105540897097, "top_one_hard": 0.07519788918205805, "top_five_ez": 0.6741424802110818, "top_five_med": 0.22295514511873352, "top_five_hard": 0.07783641160949868}, "coffee_mug_0": {"top_one_ez": 0.6283524904214559, "top_one_med": 0.19157088122605365, "top_one_hard": 0.06513409961685823, "top_five_ez": 0.8773946360153256, "top_five_med": 0.2720306513409962, "top_five_hard": 0.09195402298850575}, "comb_0": {"top_one_ez": 0.02531645569620253, "top_one_med": 0.0031645569620253164, "top_one_hard": 0.0, "top_five_ez": 0.10759493670886076, "top_five_med": 0.02531645569620253, "top_five_hard": 0.00949367088607595}, "dry_battery_0": {"top_one_ez": 0.06896551724137931, "top_one_med": 0.019157088122605363, "top_one_hard": 0.0, "top_five_ez": 0.08812260536398467, "top_five_med": 0.02681992337164751, "top_five_hard": 0.0038314176245210726}, "flashlight_2": {"top_one_ez": 0.0, "top_one_med": 0.0, "top_one_hard": 0.0, "top_five_ez": 0.0, "top_five_med": 0.0, "top_five_hard": 0.0}, "greens_0": {"top_one_ez": 0.5490196078431373, "top_one_med": 0.0718954248366013, "top_one_hard": 0.0196078431372549, "top_five_ez": 0.8758169934640523, "top_five_med": 0.13071895424836602, "top_five_hard": 0.032679738562091505}, "lemon_0": {"top_one_ez": 0.5267857142857143, "top_one_med": 0.08630952380952381, "top_one_hard": 0.01488095238095238, "top_five_ez": 0.7976190476190477, "top_five_med": 0.15178571428571427, "top_five_hard": 0.03273809523809524}, "lightbulb_0": {"top_one_ez": 0.07180851063829788, "top_one_med": 0.0026595744680851063, "top_one_hard": 0.0, "top_five_ez": 0.1675531914893617, "top_five_med": 0.007978723404255319, "top_five_hard": 0.0026595744680851063}, "mushroom_0": {"top_one_ez": 0.0634441087613293, "top_one_med": 0.0030211480362537764, "top_one_hard": 0.0, "top_five_ez": 0.14501510574018128, "top_five_med": 0.00906344410876133, "top_five_hard": 0.0}, "pliers_1": {"top_one_ez": 0.16292134831460675, "top_one_med": 0.05337078651685393, "top_one_hard": 0.014044943820224719, "top_five_ez": 0.2556179775280899, "top_five_med": 0.07865168539325842, "top_five_hard": 0.016853932584269662}, "scissors_0": {"top_one_ez": 0.1, "top_one_med": 0.03529411764705882, "top_one_hard": 0.023529411764705882, "top_five_ez": 0.13529411764705881, "top_five_med": 0.04411764705882353, "top_five_hard": 0.026470588235294117}, "shampoo_0": {"top_one_ez": 0.12962962962962962, "top_one_med": 0.006944444444444444, "top_one_hard": 0.0, "top_five_ez": 0.27314814814814814, "top_five_med": 0.016203703703703703, "top_five_hard": 0.0}, "toothpaste_0": {"top_one_ez": 0.09523809523809523, "top_one_med": 0.007936507936507936, "top_one_hard": 0.0, "top_five_ez": 0.27380952380952384, "top_five_med": 0.011904761904761904, "top_five_hard": 0.0}, "stapler_0": {"top_one_ez": 0.28668941979522183, "top_one_med": 0.19795221843003413, "top_one_hard": 0.12627986348122866, "top_five_ez": 0.34812286689419797, "top_five_med": 0.2354948805460751, "top_five_hard": 0.13993174061433447}, "water_bottle_0": {"top_one_ez": 0.22672064777327935, "top_one_med": 0.0, "top_one_hard": 0.0, "top_five_ez": 0.4939271255060729, "top_five_med": 0.0, "top_five_hard": 0.0}, "potato_0": {"top_one_ez": 0.006578947368421052, "top_one_med": 0.0, "top_one_hard": 0.0, "top_five_ez": 0.023026315789473683, "top_five_med": 0.0, "top_five_hard": 0.0}, "toothbrush_0": {"top_one_ez": 0.08260869565217391, "top_one_med": 0.0, "top_one_hard": 0.0, "top_five_ez": 0.21304347826086956, "top_five_med": 0.008695652173913044, "top_five_hard": 0.004347826086956522}, "sponge_0": {"top_one_ez": 0.3644067796610169, "top_one_med": 0.06779661016949153, "top_one_hard": 0.03389830508474576, "top_five_ez": 0.652542372881356, "top_five_med": 0.15254237288135594, "top_five_hard": 0.0847457627118644}, "tomato_0": {"top_one_ez": 0.9473684210526315, "top_one_med": 0.5263157894736842, "top_one_hard": 0.21052631578947367, "top_five_ez": 1.0526315789473684, "top_five_med": 0.5526315789473685, "top_five_hard": 0.23684210526315788}}