{"top_one": {"apple_0": {"ez": 0.7510729613733905, "med": 0.13304721030042918}, "apple_1": {"ez": 0.6502057613168725, "med": 0.07407407407407407}, "apple_2": {"ez": 0.4927536231884058, "med": 0.06763285024154589}, "banana_0": {"ez": 0.5785123966942148, "med": 0.14049586776859505}, "banana_1": {"ez": 0.3523809523809524, "med": 0.10476190476190476}, "banana_2": {"ez": 0.38164251207729466, "med": 0.057971014492753624}, "bell_pepper_0": {"ez": 0.7946768060836502, "med": 0.0038022813688212928}, "bell_pepper_1": {"ez": 0.856, "med": 0.432}, "bell_pepper_2": {"ez": 0.753315649867374, "med": 0.03713527851458886}, "bowl_0": {"ez": 0.19909502262443438, "med": 0.027149321266968326}, "bowl_1": {"ez": 0.8177966101694916, "med": 0.4364406779661017}, "bowl_2": {"ez": 0.4327485380116959, "med": 0.023391812865497075}, "cell_phone_0": {"ez": 0.17067307692307693, "med": 0.06971153846153846}, "cell_phone_1": {"ez": 0.05993690851735016, "med": 0.01892744479495268}, "cell_phone_2": {"ez": 0.0, "med": 0.0}, "coffee_mug_0": {"ez": 0.6283524904214559, "med": 0.19157088122605365}, "coffee_mug_1": {"ez": 0.44814814814814813, "med": 0.07777777777777778}, "coffee_mug_2": {"ez": 0.7524752475247525, "med": 0.3564356435643564}, "keyboard_0": {"ez": 0.5087281795511222, "med": 0.02743142144638404}, "keyboard_1": {"ez": 0.4235294117647059, "med": 0.11058823529411765}, "keyboard_2": {"ez": 0.5978835978835979, "med": 0.09788359788359788}, "orange_0": {"ez": 0.49498327759197325, "med": 0.06020066889632107}, "orange_1": {"ez": 0.43478260869565216, "med": 0.021739130434782608}, "orange_2": {"ez": 0.6532663316582915, "med": 0.06030150753768844}, "scissors_0": {"ez": 0.1, "med": 0.03529411764705882}, "scissors_1": {"ez": 0.16538461538461538, "med": 0.03076923076923077}, "scissors_2": {"ez": 0.028391167192429023, "med": 0.012618296529968454}, "toothbrush_0": {"ez": 0.08260869565217391, "med": 0.0}, "toothbrush_2": {"ez": 0.03333333333333333, "med": 0.008333333333333333}, "water_bottle_0": {"ez": 0.22672064777327935, "med": 0.0}, "water_bottle_1": {"ez": 0.11956521739130435, "med": 0.0}, "water_bottle_2": {"ez": 0.08192090395480225, "med": 0.0}, "ball_0": {"ez": 0.9177215189873418, "med": 0.45569620253164556}, "binder_0": {"ez": 0.09336099585062241, "med": 0.02074688796680498}, "calculator_0": {"ez": 0.2914438502673797, "med": 0.10427807486631016}, "camera_0": {"ez": 0.00851063829787234, "med": 0.0}, "cap_2": {"ez": 0.31521739130434784, "med": 0.13043478260869565}, "cereal_box_0": {"ez": 0.5949868073878628, "med": 0.21240105540897097}, "comb_0": {"ez": 0.02531645569620253, "med": 0.0031645569620253164}, "dry_battery_0": {"ez": 0.06896551724137931, "med": 0.019157088122605363}, "flashlight_2": {"ez": 0.0, "med": 0.0}, "greens_0": {"ez": 0.5490196078431373, "med": 0.0718954248366013}, "lemon_0": {"ez": 0.5267857142857143, "med": 0.08630952380952381}, "lightbulb_0": {"ez": 0.07180851063829788, "med": 0.0026595744680851063}, "mushroom_0": {"ez": 0.0634441087613293, "med": 0.0030211480362537764}, "pliers_1": {"ez": 0.16292134831460675, "med": 0.05337078651685393}, "shampoo_0": {"ez": 0.12962962962962962, "med": 0.006944444444444444}, "toothpaste_0": {"ez": 0.09523809523809523, "med": 0.007936507936507936}, "stapler_0": {"ez": 0.28668941979522183, "med": 0.19795221843003413}, "potato_0": {"ez": 0.06578947368421052, "med": 0.0}, "sponge_0": {"ez": 0.3644067796610169, "med": 0.06779661016949153}, "tomato_0": {"ez": 0.9473684210526315, "med": 0.5263157894736842}}, "top_five": {"apple_0": {"ez": 0.8669527896995708, "med": 0.15879828326180256}, "apple_1": {"ez": 0.7160493827160493, "med": 0.08641975308641975}, "apple_2": {"ez": 0.7632850241545893, "med": 0.13043478260869565}, "banana_0": {"ez": 0.731404958677686, "med": 0.19421487603305784}, "banana_1": {"ez": 0.5190476190476191, "med": 0.1523809523809524}, "banana_2": {"ez": 0.5024154589371981, "med": 0.08695652173913043}, "bell_pepper_0": {"ez": 0.8593155893536122, "med": 0.0076045627376425855}, "bell_pepper_1": {"ez": 0.92, "med": 0.448}, "bell_pepper_2": {"ez": 0.8090185676392573, "med": 0.04774535809018567}, "bowl_0": {"ez": 0.3212669683257919, "med": 0.04072398190045249}, "bowl_1": {"ez": 0.8728813559322034, "med": 0.4661016949152542}, "bowl_2": {"ez": 0.5584795321637427, "med": 0.05847953216374269}, "cell_phone_0": {"ez": 0.3076923076923077, "med": 0.0985576923076923}, "cell_phone_1": {"ez": 0.10725552050473186, "med": 0.050473186119873815}, "cell_phone_2": {"ez": 0.003105590062111801, "med": 0.0}, "coffee_mug_0": {"ez": 0.8390804597701149, "med": 0.2720306513409962}, "coffee_mug_1": {"ez": 0.7444444444444445, "med": 0.13703703703703704}, "coffee_mug_2": {"ez": 0.9801980198019802, "med": 0.44554455445544555}, "keyboard_0": {"ez": 0.6433915211970075, "med": 0.059850374064837904}, "keyboard_1": {"ez": 0.5835294117647059, "med": 0.15764705882352942}, "keyboard_2": {"ez": 0.8068783068783069, "med": 0.15343915343915343}, "orange_0": {"ez": 0.8996655518394648, "med": 0.14715719063545152}, "orange_1": {"ez": 0.7304347826086957, "med": 0.030434782608695653}, "orange_2": {"ez": 0.7738693467336684, "med": 0.07537688442211055}, "scissors_0": {"ez": 0.1323529411764706, "med": 0.04411764705882353}, "scissors_1": {"ez": 0.22692307692307692, "med": 0.038461538461538464}, "scissors_2": {"ez": 0.05362776025236593, "med": 0.022082018927444796}, "toothbrush_0": {"ez": 0.18695652173913044, "med": 0.008695652173913044}, "toothbrush_2": {"ez": 0.07083333333333333, "med": 0.020833333333333332}, "water_bottle_0": {"ez": 0.46558704453441296, "med": 0.0}, "water_bottle_1": {"ez": 0.6304347826086957, "med": 0.0}, "water_bottle_2": {"ez": 0.23163841807909605, "med": 0.002824858757062147}, "ball_0": {"ez": 0.9493670886075949, "med": 0.46835443037974683}, "binder_0": {"ez": 0.13900414937759337, "med": 0.029045643153526972}, "calculator_0": {"ez": 0.6096256684491979, "med": 0.20053475935828877}, "camera_0": {"ez": 0.01702127659574468, "med": 0.00425531914893617}, "cap_2": {"ez": 0.6820652173913043, "med": 0.24456521739130435}, "cereal_box_0": {"ez": 0.6398416886543535, "med": 0.22295514511873352}, "comb_0": {"ez": 0.10759493670886076, "med": 0.02531645569620253}, "dry_battery_0": {"ez": 0.08812260536398467, "med": 0.02681992337164751}, "flashlight_2": {"ez": 0.0, "med": 0.0}, "greens_0": {"ez": 0.7516339869281046, "med": 0.13071895424836602}, "lemon_0": {"ez": 0.7619047619047619, "med": 0.15178571428571427}, "lightbulb_0": {"ez": 0.1622340425531915, "med": 0.007978723404255319}, "mushroom_0": {"ez": 0.14501510574018128, "med": 0.00906344410876133}, "pliers_1": {"ez": 0.24157303370786518, "med": 0.07865168539325842}, "shampoo_0": {"ez": 0.26157407407407407, "med": 0.016203703703703703}, "toothpaste_0": {"ez": 0.2698412698412698, "med": 0.011904761904761904}, "stapler_0": {"ez": 0.34812286689419797, "med": 0.2354948805460751}, "potato_0": {"ez": 0.15460526315789475, "med": 0.0}, "sponge_0": {"ez": 0.6186440677966102, "med": 0.15254237288135594}, "tomato_0": {"ez": 0.9736842105263158, "med": 0.5526315789473685}}}